{
  "1.0": {
    "threshold": 0.1,
    "dice": 0.5360587179209023
  },
  "0.5": {
    "threshold": 0.1,
    "dice": 0.5278972599437246
  },
  "0.25": {
    "threshold": 0.1,
    "dice": 0.5150926791160774
  },
  "0.1": {
    "threshold": 0.15,
    "dice": 0.48758574511990643
  },
  "0.05": {
    "threshold": 0.2,
    "dice": 0.41996808053300905
  }
}